
/**********  Информация за въвеждане в база от данни REAL_ESTATES.  **********/

use REAL_ESTATES;
-- добавяне на клиенти
INSERT INTO clients 
  (client_pname, client_lname, client_address, client_contact, client_email, username, password)
VALUES 
  ('Иван', 'Иванов', 'гр. Бургас, ул. Цар Симеон № 23', '08960101', 'iv.ivanov@xyz.bg', 'i.ivanov', '***'), 
  ('Петър', 'Петров', 'гр. Пловдив, ЖК Тракия, бл. 108, вх. Б, ет 3, ап. 22', '08880202', 'petar_petrov@xyz.bg', 'petar_petrov', '***'), 
  ('Мария', 'Милева', 'гр. Варна, ул. Христо Ботев 66', '08880303', 'mileva@xyz.bg', 'm.mileva', '***'), 
  ('Ваня', 'Колева', 'гр. Пловдив, Бул. България № 19', '08870404', 'vanq_kolevva@xyz.bg', 'v_kolewa', '***'), 
  ('Станимир', 'Иванов', 'гр. Пловдив, бул. България № 206', '08870505', 'stanimir_ivanov@xyz.bg', 'stani', '***'), 
  ('Марта', 'Шикерова', 'Велико Търново, ул. Цар Симеон 19А', '08880606', 'm.shikerova@xyz.bg', 'marta_shik', '***'), 
  ('Георги', 'Милев', 'Пловдив, ЖК Тракия, бл. 404, вх. Б, ет 3, ап. 18', '08890707', 'geo.milev@xyz.bg', 'geo.milev', '***'), 
  ('Георги', 'Георгиев', 'Бургас, Пл. Тройката 22', '08880808', 'georgiev@xyz.bg', 'georgiev_georgi', '***'), 
  ('Маргарита', 'Пенева', 'Стара Загора, Бул. Демокрация 56', '08870909', 'marg_peneva@xyz.bg', 'peneva', '***'), 
  ('Костадин', 'Филипов', 'гр. Пловдив, ЖК Тракия, бл. 306, вх. А, ет 1, ап. 2', '08891010', 'kphilipov@xyz.bg', 'kphilipov', '***');

-- добавяне на брокери
INSERT INTO agents 
  (agent_pname, agent_lname, agent_address, agent_contact, agent_email, agent_type, username, password)
VALUES
  ('Мирела', 'Николова', 'гр. Пловдив, ул. Тодор Каблешков 18', '08881122', 'm.nikolova@asd.bg', 0, 'Nikolova', '***'),
  ('Малина', 'Атанасова', 'гр. Пловдив, бул. Кн. Мария Луиза № 88', '08961133', 'm.atanasova@asd.bg', 1, 'Atanassovva', '***'),
  ('Йоан', 'Иванов', 'гр. Пловдив, бул. Кн. Мария Луиза № 6', '08961144', 'j.ivanov@asd.bg', 1, 'Joan_ivanov', '***'),
  ('Йордан', 'Колев', 'гр. Пловдив, бул. Васил Априлов № 18', '08971155', 'k.kolev@asd.bg', 1, 'Kolev', '***'),
  ('Апостол', 'Иванов', 'гр. Варна, жк Бриз, бл. 435, вх. 6, ет. 9, ап. 39', '09731166', 'a.ivanov@asd.bg', 0, 'Apostol_ivanov', '***'),
  ('Марта', 'Георгиева', 'гр. Смолян, ул. Кокиче № 8', '09831177', 'm.georgieva@asd.bg', 1, 'georgieva', '***'),
  ('Мара', 'Тонева', 'гр. Бургас, жк Лазур, бл. 18, вх. А, ет. 4, ап. 32', '09831188', 'm.toneva@asd.bg', 1, 'Marta_toneva', '***'),
  ('Мила', 'Петрова', 'гр. София, бул. Александър Стамболийски № 110', '08961199', 'm.petrova@asd.bg', 1, 'Mila', '***'),
  ('Лиляна', 'Толева', 'гр. Пловдив, ул. Никола Вапцаров № 33', '08972200', 'l.toleva@asd.bg', 1, 'Lily_tol', '***'),
  ('Красимир', 'Митков', 'гр. София, ул. Екзарх Йосиф № 99', '09662211', 'k.mitkov@asd.bg', 1, 'ktasim', '***');

-- добавяне на информация за тип имоти: 
INSERT INTO property_types 
  (property_type_id, property_type_name)
VALUES
  (1, '1-стаен'),
  (2, '2-стаен'), 
  (3, '3-стаен'), 
  (4, '4-стаен'), 
  (5, 'Многостаен'), 
  (6, 'Студио'), 
  (7, 'Мезонет'), 
  (8, 'Етаж от къща'), 
  (9, 'Къща'), 
  (10, 'Вила'); 

-- добавяне на местоположения:
INSERT INTO locations 
VALUES
  ('Бургас', 'Бургас е най-големият град в Югоизточна България и вторият по големина на българското Черноморие…', 210000, 'https://www.burgas.bg', 1, 0), 
  ('Варна', 'Варна често е наричана „морска столица“ или „лятна столица на България“ и е важен туристически и просветен център…', 350000, 'https://www.varna.bg', 1, 0), 
  ('Пловдив', 'Пловдив е вторият по големина град в България и се намира в западната част на Горнотракийската низина, на двата бряга на река Марица…', 350000, 'https://www.plovdiv.bg', 0, 1), 
  ('Боровец', 'Боровец е най-близкият до София зимен курорт...', NULL, 'https://www.borovets-bg.com', 0, 1), 
  ('Несебър', 'Несебър е курортен град в Югоизточна България, разположен на брега на Черно море…', 15000, 'http://nessebarinfo.com', 1, 0), 
  ('Созопол', 'Созопол е град в Югоизточна България, разположен на няколко малки полуострова в южната част на Бургаския залив…', 5000, 'https://sozopol.bg', 1, 0), 
  ('София', 'София е столицата и най-големият град на България…', 1300000, 'https://www.sofia.bg', 0, 1);

-- добавяне на имоти
INSERT INTO properties (property_type_id, agent_id, city, property_name, description, property_living_area, property_floor, property_year_built, property_garage, property_price, property_status) 
VALUES
  (2, 16, 'Бургас', 'Продава 2-СТАЕН в Бургас, ж.к. Братя Миладинови', 'Апартамент с чудесна локация, в супер центъра на града...', 62, 5, 2020, 1, 140000, 0), 
  (2, 16, 'Бургас', 'Продава 2-СТАЕН в Бургас, ж.к. Възраждане', 'Двустаен обзаведен апартамент, в тухлена сграда, до пазар “Краснодар”...', 51, 3, 1990, NULL, 134000, 1),
  (4, 16, 'Бургас', 'Луксозно обзаведен апартамент в супер центъра на Бургас', NULL, 120, 2, 2018, 1, 250000, NULL),
  (4, 17, 'София', 'Продава 4-СТАЕН в град София, Дианабад', 'Просторен апартамент с тиха, но комуникативна локация в квартала...', 123, 2, 1997, 0, 510000, 0),
  (4, 17, 'София', '4-СТАЕН, ново строителство в Дианабад, София', 'Функционален и просторен апартамент в сграда, представляваща масивно тухлено строителство, пред АКТ 15...', 238, 6, 2021, 1, 600000, 1),
  (7, 19, 'София', 'Продава МЕЗОНЕТ в гр. София, Белите брези', 'Мезонет в един от най-хубавите квартали на града...', 164, 6, 2015, 1, 556000, 1),
  (7, 15, 'Боровец', 'Двустаен апартамент, 50 кв. м. в к.к. Боровец', 'Апартамент с две спални - тип мезонет...', 50, 3, 2015, 1, 116000, 1),
  (1, 15, 'Боровец', 'Едностаен апартамент в к. к. Боровец', 'Луксозно обзаведен апартамент, състоящ се от просторна всекидневна, самостоятелна баня с вана и голяма спалня...', 37, 2, 2015, 0, 75000, 1),
  (1, 11, 'Пловдив', 'Продава едностаен апартамент, град Пловдив, Кършияка', 'Гарсониера с три отделни помещения, в района на Кършияка...', 53, 3, 1995, 1, 94000, 1),
  (2, 13, 'Пловдив', 'Двустаен апартамент в Кършака, Плводив – СПЕШНО!', 'Aпартамент в новоизграждащ се комплекс от затворен тип...', 75, 4, 2023, 1, 133000, 1);

-- добавяне на снимка за имоти
INSERT INTO images (property_id, image_name, image_path) 
VALUES
  (702, 'Кухня', 'offers/images/702/1000.jpg'), 
  (702, 'Изглед към морето', 'offers/images/702/1001.jpg'),
  (702, 'Двор с барбекю', 'offers/images/702/1002.jpg'),
  (706, 'Дневна с трапезария', 'offers/images/706/1003.jpg'),
  (706, 'Кухненски бокс', 'offers/images/706/1004.jpg'),
  (706, 'Гараж за 2 автомобила', 'offers/images/706/1005.jpg'),
  (707, 'Спалня – първо ниво', 'offers/images/707/1006.jpg'),
  (707, 'Спалня – аторо ниво', 'offers/images/707/1007.jpg'),
  (707, 'Тераса с изглед към пистите и гората', 'offers/images/707/1008.jpg'),
  (707, 'Баня с вана', 'offers/images/707/1009.jpg');

-- добавяне на данни за огледи:
INSERT INTO appointments (client_id, agent_id, appointment_date, appointment_description, appointment_status) 
VALUES
  (500, 16, '2022-01-12 12:00', 'Оглед на имоти 701 и 702, между 12:14 ч.', 1),
  (507, 16, '2022-02-05', 'Оглед на имоти 701 и 703', 1),
  (509, 16, '2022-02-05', 'Оглед на имот 703. Среща около 15:50.', 0),
  (500, 17, '2022-02-08', 'Оглед на имоти 704 и 705', 1),
  (501, 17, '2022-08-16', 'Оглед на имот 705', 0),
  (502, 15, '2022-11-01', 'Оглед на имоти 707 и 708', 1),
  (503, 11, '2022-11-30', 'Оглед на имот 709. Задължително след 18:00 ч.', 1),
  (504, 13, '2023-01-18 11:45', 'Оглед на имот 710', NULL),
  (501, 17, '2023-01-05', 'Оглед на имот 705', NULL),
  (509, 17, '2023-01-08 18:15', 'Оглед на имот 701', NULL);

 -- добавяне на статуси на коментар:
INSERT INTO comment_statuses (comment_status_id, comment_status) 
VALUES
  (1, 'одобрен'),
  (2, 'неодобрен – обиден'),
  (3, 'неодобрен – заблуждаващ');

-- добавяне на коментари:
INSERT INTO comments (property_id, client_id, comment_status_id, comment_date, comment_content) 
VALUES
  (700, 500, 1, '2022-01-15', 'Сградата няма асансьор.'),
  (701, 500, 1, '2022-01-15', 'Апартамента е чудесен, сградата е санирана.'),
  (700, 507, 1, '2022-02-05', 'Всичко е чудесно, като изключим факта, че апартамента е на 5-ти етаж, а няма асансьор.'),
  (706, 502, 2, '2022-11-01', 'Инвеститора е мошеник!!!'),
  (707, 502, 2, '2022-11-01', 'Инвеститора е мошеник!!!'),
  (709, 508, 1, '2022-11-01', 'Комплекса е страхотен! Има възможност за закупуване на допълнителни паркоместа.'),
  (701, 509, 1, '2022-11-01', 'Апартамента се продава с луксозно обзавеждане, което изглежда претенциозно.'),
  (706, 502, 3, '2022-11-02', 'Инвеститора не е коректен, няма Акт 16.'),
  (707, 502, 3, '2022-11-02', 'Инвеститора не е коректен, няма Акт 16.'),
  (708, 503, NULL, '2022-11-03', 'Собствениците са двама и не се разбират. Сключването на сделка е проблемно.');

